{
  "version": 1,
  "author": "Anonymous maker",
  "editor": "wokwi",
  "parts": [
    { "type": "board-esp32-s3-devkitc-1", "id": "esp", "top": 57.42, "left": 129.37, "attrs": {} },
    {
      "type": "board-ssd1306",
      "id": "oled1",
      "top": 300.74,
      "left": -162.97,
      "attrs": { "i2cAddress": "0x3c" }
    },
    { "type": "wokwi-dht22", "id": "dht1", "top": -9.3, "left": -24.6, "attrs": {} },
    {
      "type": "wokwi-pushbutton",
      "id": "btn1",
      "top": 255.8,
      "left": 259.2,
      "attrs": { "color": "green", "xray": "1" }
    }
  ],
  "connections": [
    [ "esp:TX", "$serialMonitor:RX", "", [] ],
    [ "esp:RX", "$serialMonitor:TX", "", [] ],
    [ "oled1:VCC", "esp:5V", "red", [ "v0" ] ],
    [ "oled1:SDA", "esp:8", "green", [ "v0" ] ],
    [ "oled1:SCL", "esp:9", "green", [ "v0" ] ],
    [ "oled1:GND", "esp:GND.1", "black", [ "v0" ] ],
    [ "dht1:VCC", "esp:5V", "red", [ "v0" ] ],
    [ "dht1:GND", "esp:GND.1", "black", [ "v0" ] ],
    [ "dht1:SDA", "esp:4", "green", [ "v0" ] ],
    [ "esp:0", "btn1:1.l", "green", [ "h0" ] ],
    [ "btn1:2.l", "esp:GND.4", "green", [ "h0" ] ]
  ],
  "dependencies": {}
}